filename,class_name,split,image_sha256,exclusion_reason
benign_1.png,benign,train,7592a8b7c4447328bb7ae039b8dbd5bc192ba1682a150e52f769591da681dc08,
benign_10.png,benign,validation,b9979fcd7ba9615db73a1b49d91bac15c564a2502f695a044f8864d7918f0575,
benign_101.png,benign,train,34b586bd6221dbd098e675de3d5fc8a1164c102e9f7b1e43755a35bed402c5c3,
benign_102.png,benign,train,dbb3d02d05b7a09a0007a2609acad12983e750e4bf8596316ecfd66e27e11678,
benign_103.png,benign,validation,59b535a656cca56fdbd8b151553ce2ce9702d0f77a942b0be9f4092a6ed2ad51,
benign_104.png,benign,train,21a0217fb1f671e651abe31a7c620bd3b67c33bab283091dec76ac05405372f8,
benign_105.png,benign,train,0228d13cf7c7029dd1b2377fb7e8fe14b9df028fac39183504c17e0103f23cb0,
benign_106.png,benign,train,3e7db3821be8e4d77fda4f4ee7d94f8e079a9a1e7b8b2e3d3774dc678dd3525b,
benign_107.png,benign,test,1c93f9e394bd23d576684296e80f800e82f2bcc64a94aff0b80a52447359e6d0,
benign_108.png,benign,train,88bf1c31f359900ddb1460ff45c627e0a12327f027ac87f9b2e160cad5bc702b,
benign_109.png,benign,train,9bdcbf620cd1b6b36ed6385d559efcc6ba65406c2cef8b57e3567348cbad5a23,
benign_11.png,benign,train,f6f626e5267993522d33e112eca8c4e71a47b0d19ec01a5a33b8626c2bdee66c,
benign_110.png,benign,train,e2701f74446b8efbef12014b2e84d5928bda8d8025b1b2db02492080cdc85b6d,
benign_111.png,benign,validation,4740b7c667df1a39e9a606239d9b068aec43c2ce49d2676f92e9e6779ad3f245,
benign_112.png,benign,test,f20f1e4c1d58db5fd901891c7d0c6842f981ec73a1f24ec08f1e5cd5fde56b2b,
benign_113.png,benign,train,1f826c95a64b5c229abca753ac3c7fbd6b1103af8777f7616e98640c08e4fddf,
benign_114.png,benign,train,8ed248eda946be7df28d1ded6218cd07014ff43109265c709567067488e52269,
benign_115.png,benign,train,c57be26dad045500ad75038b306066264c2d6546e75378c1a6295dedddda3244,
benign_116.png,benign,train,4135974fab652c15c1549ae277475a5bf2dd2a9ad2479ad31e53fd687ae5338a,
benign_117.png,benign,train,bf61adf193e372b8b43e7014a5913dad6254c8b844d6d9d7deb1793a83081d19,
benign_118.png,benign,validation,539bcbe5888982bff3186048cbdeb9cfcb43f312c56e3a1eb552ba08498b53e1,
benign_119.png,benign,validation,ffbcc8c4c3a1c78ff759ef1cb85ecb0cd51c23704d32b40f5c443ef3455b9cc5,
benign_12.png,benign,train,677618c1897c18a661f14e84c61173e771036988a9e31b17a5e4ae40f9b22b87,
benign_120.png,benign,train,2c3d6b5bcec05441dfe06ee77e36969eda03436ad52681c977d8a18c4e64002f,
benign_121.png,benign,train,d643cef502e4f571ad20ffb0993313ccf65f39fbf05c8bcf05565d5fde96972d,
benign_122.png,benign,train,84b8a9df7769caff844b42b23dbad2e38e70850494362c3b0cae888527659caf,
benign_123.png,benign,train,2b45d9a6e03c72a9c0dc43422e216ca5ebf601fde1e230d7f6c46c7501e25abc,
benign_124.png,benign,validation,319b1dbbabe1a6aa210471cca5d6c1e766962c97764c85b18662d46c73107387,
benign_125.png,benign,train,f59cd81de7ba6e6345ee64f83c755c645802bcce0c2346ae9d28d38f09c5d0c2,
benign_126.png,benign,train,603cd6c29b9dc4a967b797a8b3b298f947ce2bb8be916fc551497a1bcc0db9e8,
benign_127.png,benign,train,594bc9482e31e134eba61c88fff2763f5120a5b759e253b6761fe0abe25d8890,
benign_128.png,benign,train,678ef478d2761afb685e8bc872158a81de0c041bd5c874728e672d6823ca680c,
benign_129.png,benign,validation,26085ac2ab6008bebca9c61531896899aec058f48604b585f8e980fb53230ef6,
benign_13.png,benign,train,16108af068541a36b1c1de042f4799b3107c2df97a51584d0550b9871aed27f6,
benign_130.png,benign,validation,0fcfe15b96f0b1850700d7b84d9a3562cd1300d03bdb95f5f7f05cc684722175,
benign_131.png,benign,train,472ff92d4aa015602a65c6e6407096c2f0d4282e5c8407227d4f7dcca66489f1,
benign_132.png,benign,train,19f2932ae083cfbbb39898fec767a67d58671fb050793d0b365025b0c1204c4a,
benign_133.png,benign,train,b6992fb31f93adde4d5fb9fd2ed806a9bb2841f92cbc151211ac3af8c9e3e78e,
benign_134.png,benign,train,29b17818e44dd4aa0a570d1ab8782270b6401a9cd59b0ecfa5aaa1cfe5852934,
benign_135.png,benign,train,4c319e751602a00091b4dd3d650cc44dc6f4a9b19b2c17be05538fb69d26a688,
benign_136.png,benign,test,ddc3f47bec903bd335a4497f62d50938094dadfa8468f442932e3f0614847ce4,
benign_137.png,benign,train,230e6eb1298654d487ff4176c5eb5453e91d88e7ef48f2aaf23bb902bdb17f46,
benign_138.png,benign,train,001e4788fad0ae401770bbe41e285e82ca8892a6eb9331bc5287ef077e95d644,
benign_139.png,benign,test,06289d3df78cbb7a5059156aa19267cf4b68eaec91db20ae283357164adf69d0,
benign_14.png,benign,train,0aeb34427f628f46e2c20cdce93bc48c3f47b7f36046740042c74276685469f3,
benign_140.png,benign,train,e9dc7197879058e28630a41bc8aad99467242c8ea13f4c5b79cbc3c60dbe6f64,
benign_142.png,benign,train,e738bbc019ad4e21ac020e52886bb377a4dd40546dd6989e2332aabc2d24b2a1,
benign_143.png,benign,test,09c1f5bb17ec3a5619657c26af74607368923b905fc9204a37f2ed3a209b14e6,
benign_144.png,benign,validation,3f071498913dd49d91b3d6d79639ca4f4a59ceb91bc8097abb33cbd9c63fc5b5,
benign_145.png,benign,validation,18a68c7e80f710cf9f3903a42304ad6921e21ab68708656d3fd3a36335747d84,
benign_146.png,benign,validation,41cf96ca722e63bc02f3db855dbd6f467a75f92116c680d959b1504c00edbf70,
benign_147.png,benign,train,d014f29593e6cb4009ae293e6f04c59e245a2d926975d34216b4ea40c52c181d,
benign_148.png,benign,validation,461b3af958e354c5bd949a6fe0fd7cdad46095ccc4c31ca3f927fd768fdf5980,
benign_149.png,benign,validation,02dfcfd5ab5dc84264f164928a53b4046337a0af45854f4b8728bce013124a0a,
benign_15.png,benign,test,7423e9e5e79f73d4f8432797fc1386f17790105c1f6cd4f408a8f3bf8b9b247a,
benign_150.png,benign,train,8c4ac88422ae663bb360e675e0dc9c224e1d9f05f2315d38abb04b80bf69c0c8,
benign_151.png,benign,train,1f20008281ef147688cb92c2514a59e65fbd0ba9aa20bc1b47628f9d87f36e1f,
benign_152.png,benign,train,fdf6e5655fcbf3fba6e03dec860899f4521cecb8b5c47d40f01524f99b76d7ff,
benign_153.png,benign,test,017fd0b095eed79dd464118eb74f24c87fa6ebd312a4d249d21a0605d9135b2c,
benign_154.png,benign,train,e23584d482b60d0dc91b98a27f2485ac90f99db786cd6b046841d200e5925d54,
benign_155.png,benign,train,c72cddb5a8bb59a5596bee0962cde0a3205af7a025daec4e5897e1bd7183508f,
benign_156.png,benign,test,aecc613b51db3e9aa2fc862d05f798a7cdc8a9ce1d6b5d646e40c3f5cdf2a0f2,
benign_157.png,benign,validation,75065df2478f898871f85caeb0f54a94a20f7cc1f929ad8d1fc63f61c59d28b5,
benign_158.png,benign,train,4a1aade8656fde03d927d1eddf8360736dd2b3090c622b21a7dd3784116e31c5,
benign_159.png,benign,validation,f64938b2389634a5f6f15f9fdaadc186609ced880eaa5c68633f4c0671dbf025,
benign_16.png,benign,train,8dac9214c3b731f6b646461310c7da2ec30a81dc194a354a845fc189bd444c94,
benign_160.png,benign,train,bbf9535ea0aa21b7c9e3ad557242f5ab6251f576a45f557d07c06b1927bc644d,
benign_161.png,benign,train,08e8383a26447b45cfa231e51301f16e5de416c7961402bcff7387575b0f3959,
benign_162.png,benign,train,f69046d16fe2d61e8787952da5c8284ba2f2f9f77abafc67005a99d3676cb153,
benign_164.png,benign,train,a938c9fcaf013753a895d7a5a658d0ebbbe40d64e22f950d59f9183fb3f1c78c,
benign_165.png,benign,train,1c8c1047ab88ddd08d3385326d51e8bbc7b39bb21b2cd462da53dd69778aadb3,
benign_166.png,benign,test,c5be1637aa89f5894dfcecdf2bbd15a0276dd573f7c75966d0b30620293b7eaa,
benign_167.png,benign,train,a2d74270d94c331024448b6c38179cc5ab854f0a6b27a312c240d09ff2cb232c,
benign_168.png,benign,train,48793cba4025c731929bb8c7e3679b5de24ee61e7dcca081fa6813ae3ede241d,
benign_169.png,benign,train,ecc0719377e3b4b1f3629606c1a544eb572ec18a1fe30ccd346c790b610f6984,
benign_17.png,benign,train,b46d9ef8448ad3ada51d198ed5d0db393af8d96922402047e0b78015a4f6d9c8,
benign_170.png,benign,train,3e699bc5e6517a304921b9c46cdd581c399783340b4ffa83aa7da027419f2b0f,
benign_171.png,benign,train,636e48f8b2f85f944ad0efc20c8c691b743817f74417d322ac4e7f0fd04f224f,
benign_172.png,benign,train,46af399e618ed613b9f74b912d5dc988a32a6b0e2190dc5b38992133f20125df,
benign_174.png,benign,train,7d0e089b651d25e712e2956f8df443ca25f10c75ff0da92dc4021ce8f2fac390,
benign_175.png,benign,validation,a65c668625561b57ae0ff4d6e7bdac4aa822a3ee1ce3bb5e9a7fbb1c5f2c6fb8,
benign_176.png,benign,train,602916d4bc73df1aad612a45af33c4c26b5cf2e4700cc6a810a3ec56b59ef5f9,
benign_177.png,benign,train,bfc8d92c7f927ca428d966361cbad6166ed62056137fc65666dfccd87d07305b,
benign_178.png,benign,train,504b3c855c796d50b93347c15b743dff35c743ce71a911376976e667b088d5bc,
benign_179.png,benign,train,e21742c5ece66b77c4fc5af6c7d78534269d748f792f4048141851281ff354e7,
benign_18.png,benign,train,ed0d7130a83a2b68d4b4da09e3d6587fd7d40a0d9b23c31cc00e6fa38ef59a8b,
benign_180.png,benign,train,2ebda0efc3d2d9d0539b012728ab39d91510e98ac4761da72936eb6ffff6c24e,
benign_182.png,benign,validation,eef1915a2abc938fd88766acc783bcdebf8a19636795248e1d27253805ed753e,
benign_183.png,benign,test,d6567c4d057d9c47f01bb018d987c46ea92ffcb05f6fe38f0992a1c7bf53ba52,
benign_184.png,benign,train,4bcbc00761cdfd38e8cf2905de1f8fd3ebba08ae58fb7cdc58553960184eb1f6,
benign_185.png,benign,train,043195975c2499ac145a0acb8c3001c9c32f02b4d49fc39d1e757c5ca6adc2f1,
benign_186.png,benign,test,9f101bfd5203f0c838e820dfce0bb86dad6bdbb968306788cc442d86c58bdc9b,
benign_187.png,benign,train,7ebfaa1ef4991b2a7b3868b567ff56f45fb2f3b9981ba8e1cbfb6217755535f6,
benign_188.png,benign,train,24a15132e43527319bb3e2232e79da1541a2f0ee30650ac97849cc9657df36dd,
benign_189.png,benign,train,a23264b7895410a0ead2f303d8c1d6e5f3940da00d077619fbf0662435bf9620,
benign_19.png,benign,train,922e9cc9e0c0d1874e2bb2002a478c70c7dfbcf4ebaf7f6e8c17b71c34b46299,
benign_190.png,benign,train,273c3f6c8fc8c5c5a4cca097d9eb095d407904a4ec463d2dc23adf6f821620ea,
benign_191.png,benign,train,bd2c3d327ca017ca220dd86991c8a18506261edf824c23d4fcb723198ee3e594,
benign_192.png,benign,test,fa432d2c3d460746aa9343deff45977c99174e64d4e92936c4e5e389feb350fd,
benign_193.png,benign,test,e53b13f58be867e1043408089c501d5702dcc42e0f214dea03b868d6e5613fc0,
benign_194.png,benign,validation,ec638ea3e2c3f0ef57acca81b35516e40a595c9eb53248ef81c656e53e80b078,
benign_196.png,benign,train,f8a6e40e01f976d43862e94535b965545e34618056b67dfcf93682a820dc80c0,
benign_197.png,benign,validation,051e441e99a411b1f3d24e79f1fc8d776a07a9bcfa60e987c72a736f7d167954,
benign_198.png,benign,train,ed059e5b339817628118e8fb1a74118d2df201d0dff67b41d12f145644b385ff,
benign_199.png,benign,train,fca0e261012be83c70f8cf93f718afe20d92fe3be6ed43b6234f43b4f2c40362,
benign_2.png,benign,test,1d2bffe4d5833db26dc85a74412490c1e95b24b2c275bbfc4120d81f7465917c,
benign_20.png,benign,validation,4c4024c24c8da8ba8dc9bcad40350e9740eb8007bd243d4bc3cf455a87ed92a6,
benign_200.png,benign,train,66de0f7f5d211e5ea0cb248095a2f8e3c0f112f980b60b17b6192a49225fae0d,
benign_201.png,benign,train,1ef20804ca6c519f1421609697a05de91cd7b6dedf6876fdd9c923cf0e25343f,
benign_202.png,benign,train,ad000dfb51aca40911e134d40c59345950c80d4ac9ecb670623bebbe67213539,
benign_203.png,benign,train,ebbe6c7ada675547c5ef14dc0a87720d5947af15bf0ab443b130a0c9a2b3c5f3,
benign_204.png,benign,train,78acb70640b220bcc4f7d3c8918f03046e3dba5daa627fd58eb42d3d1672962a,
benign_205.png,benign,train,fbdd573e1d649fa2a0ee9c52967af34b6c13d2ca24ceb4e3198f8a5c142b8137,
benign_206.png,benign,train,8c65acc71d7ca3fc4e4b70f0679cd2e708f829380e2659e5875502665716ce00,
benign_207.png,benign,train,b3c407a594bce6434e07dd22023fe9e3512f20639107fb00660b09e5f6d0e176,
benign_208.png,benign,train,c10f641a2cd31d54abdcf1769f81dbc17b2f1770d6a99fe4762102cdaf82be18,
benign_209.png,benign,train,8ecabd89721e199a999d343a41db12d565485669def4a9a15357a1d4b6f5ea54,
benign_21.png,benign,train,3e538a2badad6ca4ef1cca319495db6052d35263d2261816759179f6d44ce158,
benign_210.png,benign,train,2e1048e36c5dba4a4e6e6f8f5056ca833eb2650c3ef97e82d0e576b09fd7f066,
benign_211.png,benign,train,956b6b4836af97db047577c7bd2ab297a367592b5a2f0692e61b7b5552361e25,
benign_212.png,benign,train,d7aba3da76a208b6b0f6c83b419cada44ec0ddb297846f67d516f3c2053a2dc6,
benign_213.png,benign,validation,94ea639e524a4a33569a666562aa24d0086ae5b0559ed5f7975b536e8183e257,
benign_214.png,benign,train,16cb4aad5eebff02d02558029c6d79813be5cfb18bcd7e5098aeff7296ad13dd,
benign_215.png,benign,train,20433914385cab651a76970f980876aee61200d560cea81e594c686e9afbc6f1,
benign_216.png,benign,train,3ace7c8a635c640a99533bbe9a46fd2eac9ccf25bf293ad472d626c290f423ae,
benign_217.png,benign,train,d45f9871013b7f749ea55d3bb790076f1e4e549fcd9afc2630e477641853b429,
benign_218.png,benign,train,3c46e58333674817d72c3d36a76f71db589e21f36c59085760b26f1dc9d88df8,
benign_219.png,benign,train,db2c1a08ae6e3608c6a371fbdc2b5a4eeff5f2c9b37987e55849c0650493cb78,
benign_22.png,benign,test,8ffbb6a0655c11f935c01f3eb6542ac3ce94b492cac91311f61eeb40535d1c25,
benign_220.png,benign,train,6c7296196e4a9910a84b960449aa2c3cf27afe7d0381c69389257ed8c20baf4d,
benign_221.png,benign,validation,fed874ce8ccbf33e24fb40b73b79aeadd1216830dc3b3b90f4610817ed140e95,
benign_222.png,benign,train,a1cf53783a5d357127c08b06eea131cb1af6c7eb47f7ead084b6effa75e7beda,
benign_223.png,benign,train,d983b8b322061afed5faa73e71e40b1ced6aa72228f8391635de4bd9867cb648,
benign_224.png,benign,train,d442aba824f86104fba3d81d4c21b85d63d5f696c796cae80cf9b484094eed1b,
benign_225.png,benign,test,b258bbd6a9960275c26f55644011938acdc2bf486c74d8f02ad8638dbde7a00e,
benign_226.png,benign,validation,0528c5bab3bd9e6b25e2282d80215358244d1b53d406155388d1dcc9b17a7992,
benign_227.png,benign,train,d4e9c09617cdedde1515b90cb2500cdebf43da3321c940871d25d0d159a94329,
benign_228.png,benign,train,545da715a84c90787b92d08ad3fe79ef37021db54a59df6dd50de95d1562b6a7,
benign_229.png,benign,validation,73f9d1ce35bf94c1c3681b05f56e75199396c16d0a39b8ed0addb45e17f12831,
benign_23.png,benign,train,589e2ef2b4c76beb9ef1cee2ceb456a2a007c0d8ed40f08b48d266d051b9624c,
benign_230.png,benign,train,299c2fde24bc5a04eef51348796048bcb82e79b893bbd25fae037e27a09d18d4,
benign_231.png,benign,train,a835743a9a6012c1eb7011655faa343e7a659e2d1e2e55e2e4572fee3e7c4a92,
benign_232.png,benign,train,e5feb0f6cbe3b003e7c05f3fafc75fccbd93694f9bdeb3c997b138998d4f4bab,
benign_233.png,benign,train,e387a606a584024653172c013f071b5e049aaaa558e2aa7e34d1bc92a23c0057,
benign_234.png,benign,train,a73ccc30639aef7d5865e01e3b2295ce3b5cd790e0511992356c7e89f8788b67,
benign_235.png,benign,train,52b9f0a7ceb9eab687f1a78b32d5827be35131c39482a7eac162f40c7800bab7,
benign_236.png,benign,train,74dd0e200fe93affd57bbe3ea2fd5bcf73d5f7b8f7cc9b4fa782394fed33c34d,
benign_237.png,benign,train,ad24357015945de6a51f58afa882048b7360902886b041cb89a55591917db70c,
benign_238.png,benign,train,529b680ea65ff994eb4960d4344174707798ab6ecf66e749f9384b3693a68de2,
benign_239.png,benign,validation,3f1026981d8ccc8b87c878c1e0c971c036ded247e638a067c8e8b8b824d5aafa,
benign_24.png,benign,train,d5eeb870c5508269797fa19f1d56a769d7360f3a0792c6b5883c1650c854c3da,
benign_240.png,benign,test,c71f405e30b1a31331d51fa93ed886d9a09de1bbb4a97dda033050cb7730d597,
benign_241.png,benign,train,060ce9e548ef964d6160b94e0f0cd683c142a76b49f2b43939eaf3f2ed25075e,
benign_242.png,benign,train,dc7fd2bf9117f39a0b095fe0cf86790cc5e0f5d83755b4fab22d93c4907cd20b,
benign_243.png,benign,train,368063eec2a90704b39f9c306001b7f57bb346d9f8cb93265c68c7b8678a137e,
benign_244.png,benign,train,fa91a96125a2dd755cead7641f0594bcca6e2aa08934a75d4bdb416cf991e44f,
benign_245.png,benign,test,32fedd76b783b036b923a35b7412eeb4a65dd3e70188c5a093da7a617cf47378,
benign_246.png,benign,train,22208a1371487767bc487dc909d61a6e5c64fffe947e7920031dce82fd6712df,
benign_247.png,benign,train,8baa8b29854934f40d9b77a9edfd475cda5e4443e3e9a32c7393272b4e7cee2c,
benign_248.png,benign,train,cdbca33b3894a44de1dc79441d45be4842606d48328b65493ae55e60faf7b01f,
benign_249.png,benign,test,5d44949e564a5437cefb593adfc1386b3f795a084a61d0d3b289c1b19b8920ea,
benign_250.png,benign,validation,0cba4971d9ff5241f0f829bdf901e346005a446e2128e12fa3f85e4d41a4ba7b,
benign_251.png,benign,test,9b44c84db0356f580e422f5733a66eada045322517e48d2adc5d13dc862c6b73,
benign_252.png,benign,train,4aa01c016d063512b7c5d6e28a78f6555cc0de764bffe041130c193ed4f7afca,
benign_253.png,benign,train,d75617e220e2b29961494145e38d85e55517ee3bacc60c581c117afba939ef8e,
benign_254.png,benign,train,9f465d3653ef73f18957476b002382a6373dc794671e0235ad6fd3b6d7630378,
benign_255.png,benign,validation,dc261ad4580d5d78a13028a551af8bbcf91ee197acaa126c753719cc7d21b52a,
benign_256.png,benign,train,d13c797e51b57220dde1cb99524b535ffb7747aee01ef937bf5eaa6de7014b45,
benign_257.png,benign,train,49f20f6f629c941b742e6259c9d4032e5fa0a2a020e724d5021ff8680f8e12b9,
benign_258.png,benign,test,b1afd82850be4d7a4792ea35f277104126b42dadddc8237f84dcc31e853e3290,
benign_259.png,benign,train,118df658497dfc4d016b65e40547f2fce5b824debd348591c156cc2b277966bd,
benign_26.png,benign,validation,c6a8c7605cc50b8fd021a34ca15a9c7e61ecf6d33fc3b028d38ee1fb8f41f1e1,
benign_260.png,benign,train,61ad28e8a6941d4690f7f963f42a4b57b727f0075e1b0f6de23867cbac75817f,
benign_261.png,benign,train,626956796f2384855f5d1663f021714bb767282e736b0b25704f314c6209da5b,
benign_262.png,benign,test,7179bc5f0e957dd1a78726392f733a382efa5625ced1faebd8b2a41ba39cf570,
benign_263.png,benign,train,5fd977d710964abec00fbbc6be072d63ef277fb62fc22c1a1505ece7b91c2dea,
benign_264.png,benign,train,c555ecd7093ae350e9b46b73e0335c7e67abd30094e5a5b70e9ff2b0dd677426,
benign_265.png,benign,train,2d694c6844771ad744c0065124b835ad89aa3700b25f9193e9d484517bb158b6,
benign_266.png,benign,train,f173db41035e54d0e753dae7f2be9e0230c50aa7e6d7cd8f506807f8e203ed1b,
benign_267.png,benign,train,89fad10663d38efc4ead1d11d6f9b710a2a8ef24337552972f5282f2775a526f,
benign_268.png,benign,train,d57c28a692740c326ad7263e34a9248836a199192fa808bd83780dd0e62edaab,
benign_269.png,benign,train,d66094c5eb51c8f988320b2bc4cc8538c03d97ec6ead6c7dff2c01b720813f58,
benign_27.png,benign,train,f938972395b8bcf16bf11ac316ad4b69138febfd9392fb5f55395755a7062d1e,
benign_270.png,benign,train,1f8e28ef82d34992d16bd9972aa92dab21d36a9fefff4df735181722bbfebb63,
benign_271.png,benign,train,de7ebd3064e458db429574fd69aee83258b0f58fd68e8fcb636b7d558d3ac87b,
benign_272.png,benign,train,6b94d4a010d40190395b56808628b0b41d3f4d890bd9c968378f29ca92385adc,
benign_273.png,benign,train,8b9e5ae493463506bd6ff1eb869b282397f200aa4634e74ebb3c7198c0518c19,
benign_274.png,benign,test,22fb9bd470219ddd88aaff20bfbe73ba0a696e92c999974281b0c702c9c435c0,
benign_275.png,benign,test,4920a1ea3252c1b4e030cbcae0c660484555a311a8ad3951794c5dca3aef18bd,
benign_276.png,benign,test,4f546438e442c153977c79505f5c808d5fe17ee6f3381f2f677648d109dd25f5,
benign_277.png,benign,test,3f881d3c796a77f6d696ec0fbfbad3deb5ffd9a4dd539ca25e5559449e793f0d,
benign_278.png,benign,test,e59733c11bb438b53f7f0277c6703dc789604b7f78c2684b54aebdb315354d27,
benign_279.png,benign,train,449f9074feb2627d43bbf7a3a6da4ec11d136e0d591790b06ec5a274d4f07be8,
benign_28.png,benign,train,f25b0db7aa060f6f145c29dd82f769840fd5e8802bc9df9e2d2db5e009c9ac1f,
benign_280.png,benign,train,af3d2dd27281c24b203f26310d3ca5fd3d47f8ef31d93f4f98022c8f71796e92,
benign_281.png,benign,train,95cfd3aa1916cf8a3d4e3d8e6b89542fe9501cd6f9eea53651c72174afd3f966,
benign_282.png,benign,train,41143dfeb48b0b0e4d0222262ed42e20f8ad0f2e9bc6296d32e5f75ca39f743d,
benign_283.png,benign,train,fcfa2278f675b8958508d7aacb70d40d2290cb615d2f1f4126b2297003725fe0,
benign_284.png,benign,train,4dcde1bccfee2c1c95220090d1c2661b3bd54235acb4d0feac9feba8ebbfd0e3,
benign_285.png,benign,train,0f6e8fd914ba85e7cbc153788654391d7719b2f21925f75bfc4e0edf10fe69d6,
benign_286.png,benign,validation,35f8431b2e1ea5f55a2900224691570516415557bb5acaf9763f6249fe0643c5,
benign_287.png,benign,test,afe97302b12a5f13cf3c97f205428f43a169b0cf3cae1d695666531f09b37c7a,
benign_288.png,benign,train,9eea5fd588ee1a94b33b8f9157b319f4cc4df16b6f40fb753f8f15aba30e20f0,
benign_289.png,benign,train,970a45e1e4ff2669cc03b773706c3833506214d73ec5b23528c4a93e55f7ec57,
benign_29.png,benign,train,f4ab994edf04bf026c075497bc31e05a393804e27a407626ba637c1fa7dba627,
benign_290.png,benign,test,de5708886317e2a5683e9ad555b4dfa21874e1f21f91b9c5e50f2366f4be6ebc,
benign_291.png,benign,train,95dad5a3aae6fe0e7d89d94d1ffffc71236ed6ce8b5fd18b06be4573b801b3cd,
benign_292.png,benign,validation,2a2234ad572b2301638bbe4ff708bc61dbf7d7d8a786f52c5116c1ca000911d1,
benign_293.png,benign,train,4dd7cc591a32fec5c4a4cde581dfd942320691b1b5d530ab581fe5d612689ee1,
benign_294.png,benign,train,bf28f37fba1bcf57c3017a19582c90067cd2e4b7acfa2e4a0548f168826e7d5c,
benign_295.png,benign,train,1895933d35d19bb2922ed178ef0e03d1caeea9096cb8e232aa091096d234724e,
benign_296.png,benign,train,19668ac788b69076832b0392d44cce9c4a59d7adff010d3ef67e35b478e17e5b,
benign_297.png,benign,validation,f63919a4221600072735d5c88d7163db5e91e5d8a3ecc17d0a2f9658b22ccdb4,
benign_298.png,benign,test,c62ee54c4a181f35cdfcb664184a90f63941ceb1bd2ca0fc8018a6cc26361250,
benign_299.png,benign,test,05d72e39599f0e115651e7ba8ce3beca31d7be6bef48b9ed9bb2fd1569889794,
benign_3.png,benign,validation,e1f4be619a5b2156d147ccb194e684bc0fde8cf2ca0a3a8d1ddd548e6e9f1933,
benign_30.png,benign,validation,9536565872fbf85f3514873652b52f0fef3339760f1cf1d584a8cfa64bb04a6b,
benign_300.png,benign,test,5b4d7431c5fc135a779fada7fcd28027f7d634641cd66c2efb4f71a6fbc4306b,
benign_301.png,benign,train,2b5d505b0e3cd9e1ad4418cedd86a42b7145e2a83bc684fc6f461cc4125e08bf,
benign_302.png,benign,train,0297a3345981f31487df104f5bf5e74741d79fae59761b0bdbe476da945e0522,
benign_303.png,benign,train,a8608d66d5d4992a98f59208c2b3037027e8e7f7d03a8a461b6caafbddc11b60,
benign_304.png,benign,train,8c274956100410c6604b46226155fc9a84abaf97ba1274737b8425439d8a6485,
benign_305.png,benign,train,a3ab429d2fc4e2fcfaed302020b605d5bea51bd2964c4951f3e5120557460208,
benign_306.png,benign,train,244e4f0f1f30cc055e09b3958892d47b206e1c138bfaf0eb18069361c919c065,
benign_307.png,benign,train,f9631a9ae2583b904ec5656ab7a8093fe6bfc763248c0245f3f7735bc5bb8f46,
benign_308.png,benign,train,566e8d95a1c5cd2e9b15c6116e37236e230438310d073db6cee80fb27d9b9ecb,
benign_309.png,benign,validation,97125c11b0ec1bd3a039aceff1e1ef1ffc980c494095bead1e7b126c005dafed,
benign_31.png,benign,train,fefc9c3fb9663f9c696c1dd652c81e8eecf5300b5cdffe87eef15b364c02756c,
benign_310.png,benign,train,c21673cc7101c6b77a08debdc057848b13684e6856f570407174d7574051d85f,
benign_311.png,benign,train,efb063ebb7ae063f9d565ff6b4bebed2bdabb28d913d2d4c35709ce0072d6812,
benign_312.png,benign,validation,9958171bed4d6630321868ce32835a513acd06c3a383287b30b89acc0a2c71c9,
benign_313.png,benign,train,b384a88f39e1e266802846c9c3b7197267565caf54d33f838910bf396337cd18,
benign_314.png,benign,train,5150bfa5b4e10b91e3be1ba009bb1ea40a4245007fb700e6e90e2b5ec666c047,
benign_316.png,benign,train,064b543aeb9e7a2b65d52c3ccd7c4a370e9a647c44f0e7e13ace50e9723fb81c,
benign_317.png,benign,train,53ff0646eff8b368d564b8f450327f7ea2c634abceda3eb0a08c8996e355ff7d,
benign_318.png,benign,test,c199852d7c9a6aecb02af9f64c69f78943d608afe94dac925798409aa1b456b0,
benign_319.png,benign,validation,2d28652ac1d8d30af7e391b2ca813f6d996a0163c783beec48d4dcd9c4f086fb,
benign_32.png,benign,train,a435c8bba3a34c034b3446395e71a0088d361e7d831fc91b89c6644a53538000,
benign_320.png,benign,train,906445ee691d6443cca2d7ced6f568142b3491157715d0544417ef17e8b07d09,
benign_321.png,benign,train,79d769cf5488859a1621aa40e179c8ef1070150233193f6f05ca4640f805ed58,
benign_322.png,benign,train,5112b80d01f038abb60647455906e785242560fab3caacba797848f0fa0389f2,
benign_323.png,benign,validation,359f091e6c2fb62c138e08083f8412e1870b6f02222b665a99279f5e62d87cd9,
benign_324.png,benign,train,bcb8d6966f329ad59b874b6ffeebc5c4654dc8ad9b0fff455d969d0301fb7c14,
benign_325.png,benign,test,81e36ee53d206815e76ff9ef09775f8fb39612d9513cbc1b4bf3142623030455,
benign_326.png,benign,train,3c701b8bf39bcbe6f27e214497be832617880fb3f18a830fdbc6b2d85f11e89e,
benign_327.png,benign,train,1192e3d96320a2c57fcc86ece1e57f900ae35ff5d568665b7525154c97b4691a,
benign_328.png,benign,train,8585aab8f808061e20ea1abbfda3842829ec6e5b401dae513b6915088e316aee,
benign_329.png,benign,train,a536558fd2e62f2d00be8786bbe5c1b0bd656fd4b88007383350a11a9ee3b8f7,
benign_33.png,benign,train,7c822e440ef8f24777adcf94a264333e5ebc87cac12c82f961e03022f5d6b0d9,
benign_330.png,benign,train,f6cdae482924e077a5f92d829fbc359aea4683428722f503ee77102ea0b5d564,
benign_331.png,benign,train,4fe0fd9f8886617a19cf29a47a8b95091697d09f6c760ddc4eb7f78196825434,
benign_332.png,benign,validation,60ccc0c2903de6bd03e22498694c5ae36cd3bdcf0499fa2aa90bbd4ee15f8837,
benign_333.png,benign,test,15aee41ebb30f598224b1017f04688bd1e7c08fecfe0dbe6e96b263fa7613603,
benign_334.png,benign,train,523600bfb17afcadfd7be2281e7880cfc8f3edeb7aad9b6c49df636ac8dc862c,
benign_335.png,benign,test,855819a4490f93adb071e324c59ce8f60da98800331e495337288180d0487e05,
benign_336.png,benign,train,62199acd88bedaf40e93f6caa5a941206a58da4a7365c5ac964a8774dff1c21c,
benign_337.png,benign,validation,7c8d89390bb1cf42c63b4bd78ac08d9e4eb66c8a3e79831b3af994b1697dc4b5,
benign_338.png,benign,validation,4d53832999049b86f8397f496a48c38fa0b9acb26b1f87ff3d9f9f3a9611b6e7,
benign_339.png,benign,train,6ad0a5dd3d2b46d94b0683a14390d4b45753a45723caee2218c3657cc7a5482c,
benign_34.png,benign,test,4d1aea7639dece3c6bae0bc7be33eb2fbbf5a9fbdd89314a2d8b0b0b3088a773,
benign_340.png,benign,test,8e7558e8d318af67889d644c18c2de17b991fc45bb65230ac279cbbf45ab240a,
benign_341.png,benign,train,969b7a8f921ecc0a02422ab4a2aec2506dc08d4451665926621b386ec458864c,
benign_342.png,benign,train,6944e0420fccece09d582a3da6b5865d92a308bbdde117f6cc3e114593997f4a,
benign_343.png,benign,test,b15225bc0df6bbe039d2669db8bdc544499e53ed4192e396387b8487200a10a7,
benign_344.png,benign,test,bdcdc9bec2b83a9b68a7cb0e89f4f4f89b068ba00c112a26d9a8f6f4a1bf80de,
benign_345.png,benign,train,49110172742bef86f2851e693ccba6e380498d5f98184d66b775ddd17b69e96b,
benign_347.png,benign,train,662ba226ad986b51d5d5e4c074476f5accbe6f2471304d6356dac66db868bd9b,
benign_348.png,benign,test,9d952d837c3bb40d5fc2d1d5bd2a8f9ddae93da9072a439880a9bc9702a2a67d,
benign_349.png,benign,train,b320c8956f5fb2bb848674ca0970db8cd7dbc7ebbaf7f0b544c41886a80d3aa2,
benign_35.png,benign,test,c91f2ee8b8b51dcd9d8f5ff506f34d6e751090d29d29588bebd639d299423e9e,
benign_350.png,benign,test,d709612d7946614172fc9dcd670b28c33d7e0d72bf932d26aa428a5c01d35f64,
benign_351.png,benign,train,9d67918b751092f4e350287b64adfa5de2728b2180032ee6d80080785b2a7215,
benign_352.png,benign,train,ca485aaa1214b0f8b90fb2f2ea2aadb445e14ffb3fa22ebe0a442a907e85034b,
benign_353.png,benign,validation,f1e3b64dbc0b06a74609a90edf59632e0b3cb76fbc395d45aa9548514e3f26f1,
benign_354.png,benign,train,e75f405c74db2d746d05f325a60d250036032cd9495aa51735a53e2f37a1131e,
benign_355.png,benign,train,4bfd2d150217e0b5fac8b918d99edadb56d808bb5e5893ac5ddfb6d9bad0ef4d,
benign_356.png,benign,validation,e2c38d5bbc43febcb27be3a4cc4cbdd8881a48fc2d589ca69182ad7791f70289,
benign_357.png,benign,train,96febf58bc27c59127ecfebd3b712521916fc80ab91b00f811f1551540512248,
benign_358.png,benign,train,6799b82e12a8b16b579b7299437754fe9564e123284e52ea89fd093aad0c0a06,
benign_359.png,benign,validation,5fa18dcb78ae2a39733574a267c102da6bb5a6efe7b140b58f7f547f78143a0d,
benign_36.png,benign,train,56047c78ead080a705fd80c8d3262fc5c18526d4cdc4ac75b1e07867476a614e,
benign_360.png,benign,train,e89f9ac00e6fb790c0992bae643d23cef6d27b3465a3bff17777d7061f7403c9,
benign_361.png,benign,test,b52640116da8c2b905ebf4c57f033474d22e5b705492305fbbbba11fe91d6b6c,
benign_362.png,benign,train,3f4ca60b390d0501b5b1eb984596d9dd09509ce8e2e2f25f34ad5fdc8c821069,
benign_363.png,benign,train,444d2080d727f5878e4e87677a4dbaf0d810abca31f2d06e300f2b95bb68ee11,
benign_364.png,benign,train,e8f1d73233f212af3bc0f233048e37b1dd987210ff767b201f55ba221cc92e19,
benign_365.png,benign,train,f213b86fd1e93b842a1b0cd51075f27fcfdc7542fd15df445d7e53dcd76f138f,
benign_366.png,benign,train,2a2bfff79f3a809a3e41efd93ba91dc78550fe1f15a6a18a2f098cbc1b59196a,
benign_367.png,benign,validation,2f145a3d87a7421e07b3524f3bc2a0ef9314f2a5318e2da75108be37476d7600,
benign_368.png,benign,train,039ccb0f388cfa673fd68a5b00c6320aa93a217ae7abce42423404742d11c3e6,
benign_369.png,benign,train,e630e460ec7ba0bb400ee8dfc0359c7889ff31617ee5b85f16454f196b9cb395,
benign_37.png,benign,train,5cce8d1e02f680df5c02da2424c73cfb3826ad4667f58496610b7245f53e7d74,
benign_370.png,benign,test,d85265a6488bc497270005e982cb425735d41b860f57e73670cf3104a4136cd5,
benign_371.png,benign,validation,c2a80964c71750030419002190dc4f93d742494bd2e465283a7e87c5639928ae,
benign_372.png,benign,train,50fd134bd225f41320a7f0d8e0d23a4947658627f5306c16f2f704a88d29e7d4,
benign_373.png,benign,validation,03da68977781b0aa665a0174cf047245bb05fc28631ebff2af08778faefd40b5,
benign_374.png,benign,train,8f9f11dca7dc31dda8680a783ff59df80a7df3001c209b0220a2e9fba8fb51c9,
benign_375.png,benign,train,b21ef1f17fdaca52f391f392ac0c7316324ec34800f6b52cabdcdbef6a9c1c42,
benign_376.png,benign,train,20df3be6c3c2cf2ace2933cc7e07e8d2d21be8fb0b6c5c3a5fa4e3fce94866e1,
benign_377.png,benign,train,22c0fc2af35aae11b19acbee7abda861c040d5c7748686e8e42e43bfd7188cf6,
benign_378.png,benign,validation,416d977ccbd589db00888784309c8d154690c5309fa9b081dc2d56eed414b1bc,
benign_379.png,benign,train,d5833ade7fc05768040cb9e0f42c5c1073ecc2833eb19b4d0aa9faf6071d1b9e,
benign_38.png,benign,train,03363ea59f90e962ed2a20f660a3a27b1833dbe8844fcc4454e397398f700f89,
benign_380.png,benign,validation,80049f6b84b8f4b316403cf78a0e8fb88c43fe1ce5bba580af2b00ad3811d1b1,
benign_381.png,benign,train,123efe03753dcde99f8cb1b3821b45361eaa352f4e6ca1d1db1e13aea2d432f6,
benign_382.png,benign,train,e050ccae1c1ab2e42a9dd483dbcd79a4c8899f2d4b5b466bb4ced115a94c1e26,
benign_383.png,benign,test,ee7c5ea63e4bcb1594c9f2d037596ed754878d54bdd74cd5f55f7b1af0a31f95,
benign_384.png,benign,train,742c2149d159317abf38026cb6cd3fad36204bfc6ba3963b903a4d759af8de02,
benign_385.png,benign,test,ccaf0a6ec9140275b673bd939409c4c84c1e5a685e00b58a1e3fa8123304fca1,
benign_386.png,benign,validation,8a155975eba1f04caa366093d210ec059eef99f2319bb6bd0a253fba04b8e5ec,
benign_387.png,benign,train,cdf0642b8966b4590669eb4f251471642707e683f35c7aed922dc65903c25c83,
benign_388.png,benign,train,2d26d636493d2a2f9d3f2cc712c4ce6be1576a95fe44f9c73f66f0ecf8b2dcdd,
benign_389.png,benign,train,662ff536ccc3d301df411c717582abc9ea9f7a3f236f0bd402f384897d44a0c8,
benign_39.png,benign,test,db27606e1045fa2be0c17eb0d2318268537e0ae1c48e497a221c257e56b3ea8d,
benign_390.png,benign,train,f91880fabefde3b846818d4addba123b6453319e3d9a32463c7f2d9588d081c9,
benign_391.png,benign,test,8cdf4620258e599d65cc95f7813948598d4fe570de4c0917564b0e57046ebe63,
benign_392.png,benign,train,6e6cee739bf8f86ab8305144f879d8cacadc096fe7ceaee0239a76edeaad2d30,
benign_393.png,benign,train,93a27b174d0c23f325fbd3015b0fd7e87383becdac9baae2a910dc6d4069b1e2,
benign_394.png,benign,train,a9d91b36a075b5e31df20f840f1159f499e082052669b9dbeef25f7fa07cf535,
benign_395.png,benign,test,0899ebd406d1e704fd2446edbc13e79c1149cefc840c20319fb0532465fc7022,
benign_396.png,benign,train,a40e51df603f1ba20b06a081f537e0cf94ed79dd550b8ed22ebc52fd9f6bce93,
benign_397.png,benign,train,4a4b44a26605c7e464cb5fada18f54a937627ed854968e105c1d8b78b0dbfa48,
benign_398.png,benign,train,6e5bce441b472576e8b5b77fa6c0809a75ca9de466730598c6076c61bd48acfd,
benign_399.png,benign,train,d7f96ef20afe252fea9a00b867fb391c24c90759470bf7718f819bf421599aed,
benign_40.png,benign,train,0f40ff0f27a525d51892b8e38df704f164fd03c55fc5de54d1387c60a10539b1,
benign_400.png,benign,train,7e170787fc420ff41be40b98281265b7fb32f31a808c2915905286f298dd8676,
benign_401.png,benign,train,5da7ed9ad673a0788c6d925fd26ccf05fe49b234c394e82e41b22ff2addc473c,
benign_402.png,benign,train,26131863e59ce6ff8280430ec19295f80ea1f639d80737c72e5c13939984a866,
benign_403.png,benign,test,eeac1933e39e7cf7b32bb61eacdf331f12485853e24d3cc1d4fc5f72aeace330,
benign_404.png,benign,validation,a116b76209748821ea821e0d45230b4c867c39be6cae3f9e28ea45316e740f97,
benign_405.png,benign,test,2cbf9884dcb586b9351be1686344354fe8ae32e4588fc4b513185df6f5e240bb,
benign_406.png,benign,train,fb747cddc30c889819ed9a8bd6902db330cc08baf75ed6f4d46774081e4c9fcf,
benign_407.png,benign,train,52e0bea4f75816d85da0a9d0f1641b107fc16611f3a64758fddec65228b529fd,
benign_408.png,benign,train,fc6ec1eaaa4388c167796504590bca5ee44adf7520e32dc4c912911a6625ae8c,
benign_409.png,benign,train,c70615dec70c955662731a2e28ddf3c72321a994912ae557044e827eb6135a5b,
benign_41.png,benign,train,27caa78a04ed898580fff271d58d7809564f2f19895809da842fc96d2131ea22,
benign_410.png,benign,train,bb7cc9c278f7bb8004c2e8a60d19ff29d4ae4b9d9026e0153b2664ddaf3209ef,
benign_411.png,benign,train,5068970460435d146238f60c51ba2ab507f418d0d3568653659361dc3196adcb,
benign_412.png,benign,train,ea2e1073c231700a7d017455737d1605e7b056d8cdff643ea972199988adc8c9,
benign_413.png,benign,test,3c1ec218231058f234a3ed5b75cdfcfe77de4b450eed64766f80ca6b5dd3c235,
benign_414.png,benign,validation,07126e9e3879051abcbca5e5d45e9ed8a12f22f3cea1b2e745bea9b7e3d44f76,
benign_415.png,benign,train,429ea0617384d7e91935eb8c8268a6e88be13517c1436b1fc1eb53012300b828,
benign_416.png,benign,train,09e3641d60cba1fcb3d3b5f92a1eef5c363e306b04fe5a2ecbefa6ee6939212e,
benign_417.png,benign,test,105708be7fd7afec77d686405efca3d38069b333ad0d3257aed1f50a1f3e4c47,
benign_418.png,benign,validation,26f263d673e9c015dedf2abcdb12f920af2ab12b0d454ec95e93907cc30a816e,
benign_419.png,benign,test,4fe62b8c7634bc6213ab09e16929b524022b9db6930726d45fd66b51a2079efa,
benign_42.png,benign,train,f13f5dfed98cb251a976e64ca35a3e8c0842f55b3fd9e31eca9065d9d1959718,
benign_420.png,benign,train,ad07fbd09c784ded6f3e189fcbe3533ef482826b9af523c4ab36ddd59b6d8e79,
benign_421.png,benign,test,605b415f93718b351067944e792033c775cadd9b9d6216352e745753bd392535,
benign_422.png,benign,train,f574776f12b203399895ffa870e22e479f8ba64c4e17235f0ecb4950bb2feac8,
benign_423.png,benign,train,92b016be785a6cc73940e7de6a508d46f77bd6eb643899cf53132f1575a641ee,
benign_425.png,benign,train,c21b0d12f8d5cd5764d2354bda870860e2a46df681fcfe684fef18d43cf4f810,
benign_426.png,benign,train,1e8c8870d41f83d9088cb1c27d8ea340685689858945d0cf64e9a82adb40260d,
benign_427.png,benign,train,75ade8621ab9ebbc3ba80e9acbf9e87e117d34c3261557098930fc7f75d41904,
benign_428.png,benign,train,064d4c0547bed159d735b1b82e0a2f5ceeb2851e1e07dccfdde83057bbb8673a,
benign_429.png,benign,train,a23e28be88a59c9f857b2cd84c40947fcce169ce11d00c02e14b6d214df74b6c,
benign_43.png,benign,test,8dd3ae76d95d2cee8f0d96d2073f4e1747255aa5ab1c8fae084089b4710dbcfd,
benign_430.png,benign,train,398d8e28c3c29bc378323f95166b0beebebf857a94c2c4e3300e73454554ef44,
benign_431.png,benign,test,b1767967538bcd5356af20d7817a2b46908d9bae2e9b8a20a1099850c4820d6e,
benign_432.png,benign,test,c8bc206d7b2f9d53b69904b485467fb4a5a029f2ebdc7770dd7e3a748a72f1a7,
benign_433.png,benign,excluded,bea8a9762e7799e6a3db2431e0719580748c65a50aabbc0df760ca3d6bd9c812,Conflicting duplicate image and class annotation
benign_434.png,benign,train,b97e2e71e8601aec8d7949be602b9c1d8b10015aefe15f7b16a4b0767b9f3a73,
benign_435.png,benign,train,754445cbe54651d3c9172c865924dddc61da0b88fdf6e7f0e7bd6f84e24262b2,
benign_436.png,benign,validation,6a7a8c68d7b346d3da553dc789f5bc506afe94baaeb3e3241d618ac9cf2d7a56,
benign_437.png,benign,validation,887452f33a558fd25455d0ce345d2ed7a99dcb320e50bd8159b0592ac9e15c65,
benign_44.png,benign,train,2dc799f223418f298bdd915fdce36f9e2191c501e39dd85800b6cedb11d86505,
benign_45.png,benign,train,a5e29fdc898be3b21589c28b75f7332a40e8f79503207f33caf282268bf72251,
benign_46.png,benign,train,009d04e9048d8c95d5830f469675a53c6b0dc5da31921f9fdd775645aebcc7db,
benign_47.png,benign,train,5579e7f03407927b4692e80c279825326cc5377fbbe62b2a6f5be1c844aa0c0b,
benign_48.png,benign,train,3f19289342d3b0edb579e46d0b4ccba40b4a7d2dc5a27f565e11db6727c6f815,
benign_49.png,benign,train,dcd8a198c467aa88c22e7dbef0063946ee67e410a6ed872ff0cb6ffabc55f022,
benign_5.png,benign,train,9b2e676f395c80493930664c5dcbeebd3c89c34a71ac172bb37956c0e26b5ffa,
benign_50.png,benign,train,d500be8edff0ab0372e2d1ac9d05450d4bb6b48eb04a0bc6c6f63545b5a0c26b,
benign_51.png,benign,validation,7c440902adaef16195c122d0434ae0ad51c1d16975ce98b66b268383476b0b6a,
benign_52.png,benign,test,dc2c035aa0a7509a2a481ce0d8d37145e6a8a21f53cd778d80468f029b21ce2c,
benign_53.png,benign,train,2cb286aac50ef98fc2d5868ff55b0e113841f13c8b7cb188b3a0cf5e0d7951f3,
benign_55.png,benign,validation,df95eb43807e346b8cd8762b3ceabb2c4ac3addcd47bf2eced7582f4926d6722,
benign_56.png,benign,train,6674cf918f15a3a1c799f26cd88838ccef4410aed985d427d29da8ba72a7eb00,
benign_57.png,benign,train,158bf07c0442bda547af9bea9ff32674613151ded279617c78a7e372a0ff02b7,
benign_59.png,benign,train,9bec53681625efc27e319e943fb8841e2caab900598b8049c4d98633f621e8a7,
benign_6.png,benign,train,5f833221b74c52b95f4a1151e12c0239b4bc2193ee9830f30334474bb81e5a2f,
benign_60.png,benign,train,2501fdc0051a8ba89f3b5ed2d3364178754a46b203b09ad823405d7eb5de1e8e,
benign_61.png,benign,train,7b277383b36c3743a1504ef72204e945775e694d90c8859f32f4d5b383c1d4a9,
benign_62.png,benign,test,8b0f5a297300b11d29042cdf460c9be552564cdca2c84549f7d3131c8c00f005,
benign_63.png,benign,test,85f4705c2c0aaebe01788ee051fa0ad92533e3b41b0783d2a2617005a35f3813,
benign_64.png,benign,test,977ef994755a5416ab6be3c8faabafa017109308c954b8d6dbc9bd685d2cf7e9,
benign_65.png,benign,validation,6905b865b177ab22d6e74d856ed350d45c37980004651a722f0ff51394a9ce71,
benign_66.png,benign,train,f82d61e61208baf9ebed95f8929f251a784235e8de8f31b80aa727379383885d,
benign_67.png,benign,train,5102c51e310d0e99a06c83f8812d99079d93b302913f06c71277a6447e0636d4,
benign_68.png,benign,train,887dbee2140626659fc27465f23e43a5d9aa22a9fb16276cf6c8823d078a3eee,
benign_69.png,benign,train,cb77f26eadf5199ce4b9e056c4be50216c9947dce9efd95e24ff4730e58be63c,
benign_7.png,benign,train,1518e520c2c6b1792eea71676c48e31c5e6f7ccad5c6d327e4f7e0e261ed12fa,
benign_70.png,benign,train,c83a40e172ab35434ee9c85a071f148d6bc37b1ec5b7b22adde02adbea62f4f0,
benign_71.png,benign,train,89f83b38407fd231906612a89ab5216bf569e84d4a9751c38b1b2125a441e45f,
benign_72.png,benign,train,c99fc0e670ce1efcfda730cc77b04dddd6458f2beccf3d21c3196e2c6951c4cc,
benign_73.png,benign,train,924d14458a67b21c8244cfe598c19e7d9096e20c18a5de1c23f656cc71f56b89,
benign_74.png,benign,train,301f2b37d9ff9a81db35d887f912f75daea64283b0355336dbb97f7ac77d0986,
benign_75.png,benign,train,aa8e73033e8e17bf37c1d4ad9a02a45e3e83f11257952f02f796ea515cf91ddc,
benign_76.png,benign,train,8071377ae2f210e056c9acddcec2cf3e78b66e92b4d28615cafa216917ffbac1,
benign_77.png,benign,train,eca1d17b09df260c169308b2a027ae39976051d1e60a7df8f621b0324311b5e9,
benign_78.png,benign,train,eb64fe205a12f24f143c9bb2ee0439637ac5031e3ead7610861fa8e8cb3c2c4b,
benign_79.png,benign,train,042c2fb842de5b71ee0a1839164ddd11e9f7ca157c3d6ec09833059c5ed634ab,
benign_8.png,benign,train,08fc34bcc060a7d697eef5306cf05bdf4f8c1b6fbe1aede722307d6e8ab36e5d,
benign_80.png,benign,validation,8951ff9aa28b92b5feda9a51e42d292b687a46f694dfbba628691c4b2e2b61a8,
benign_81.png,benign,train,595cca68ac4b80f79c291566347dc779dae73f7380024d4cf76960bddda85be4,
benign_82.png,benign,train,8dd75b7b24cc69a058a93cbf02564c2bcbb36d64a2a28e2135cbdd61a5076382,
benign_84.png,benign,train,4bec9be3dd98a6a5b9bbea84cb2a7d81477e70c7182b7a3c5f27f9574d2d74db,
benign_85.png,benign,train,f1c06aa192973b35692c4dfe7a4661dd5d5a900aaac687d50e8ad548d097a8bf,
benign_86.png,benign,train,0c3b733a4d5227b67bbf93d7486e95fe6289737f32ec224bed3bacb79b461d64,
benign_87.png,benign,train,6ea33b5a8988d25f7fdc63df4d7e33b4eca7a942ed0071d03e39bf17f070adc3,
benign_88.png,benign,validation,6c257753eec9c50a8e36609237f3009b5a580758386496be8020d5da08bfe0fe,
benign_89.png,benign,train,fff57badbb52d423cead5c1da9d0d1660ec0012c7f387c68f546dbf0be801d4f,
benign_9.png,benign,train,8b7a583218981df22be4ce981dc322b27d9dae7b048448f913986abc8f344265,
benign_90.png,benign,validation,99f9a6b856cac40d1d1c6af8621f7ba768502a8b29bac7b2c1078ec672952b2f,
benign_91.png,benign,train,98caf9b26be355d8143ec4124f33b997259f74dd7bf4b3c6714feb81637e0892,
benign_94.png,benign,train,b1d7150c2082ef020c69d8782ef5ab7e6fae6996d7e6b598036aa5baecbec8a5,
benign_95.png,benign,train,b577717a01d759597cbd21eac3e17af4058b4faaa16852dd97afbbb7f06d2bd3,
benign_96.png,benign,validation,5aadb62aa0064b1b1f0eb1f6f7fa7b85aa53c89ff9cc1fec7eef258a5fe9597d,
benign_97.png,benign,validation,75fca2f88b65411521699322f0e76066681564e1392d5d04e926b84dbc21feab,
benign_99.png,benign,validation,a12c90454d76d7d3e3dbad65d209b2eae87a68090ce24c194449126b6505e482,
malignant_1.png,malignant,test,b1d2ba0d1f48c518c5f7017287f03c07b8622cb681f434032b73e7bb476afd06,
malignant_10.png,malignant,test,80b36acc7b7e4e0d3bcc7a6d6167f4045533c8b25cb2b905097a468dd1615ce8,
malignant_100.png,malignant,train,3f5fb97db340471b9d7a97deb29edfaeb1a4dbf362dea7f461c7807fa9e97b7e,
malignant_101.png,malignant,test,680cdabf6bbb8190a9a98969ef25fd9d239e9f1bdf06ab92b3bc47e5134affee,
malignant_102.png,malignant,train,da9dd3c2bbbe5ea7e026cd662422d080fb166e18062396de32bdc29686ef3a75,
malignant_103.png,malignant,train,77314c4901b2a99cfbb405d295dd1f047dfaa1f4aac40af2c130568763ca153e,
malignant_104.png,malignant,train,309949b8866942c3e892d64b33c546ed194e73d17af164a6f196348891509b71,
malignant_105.png,malignant,train,c014e66a4e85060a86f109d5cf387ca4559f9122ce4fa65b7a4ad7881f1b6cbe,
malignant_106.png,malignant,train,aa50309d4c22beb19c9062d26822fccf8464ee02b704822c1de2e77c0352ba30,
malignant_107.png,malignant,test,16ea5107f41908cea8c0ea375f3f7a4178e378c9de5fdf8d556b18583dd71b0f,
malignant_108.png,malignant,train,ac0ef947eab5f18baa457454ee3462ffe1df6bd48bac7c93b2318a303a69248d,
malignant_109.png,malignant,test,d592f4a1610d118795744ef87253392ee734559e4aa35ec7b1a84e283d032ebd,
malignant_11.png,malignant,train,cd4a4f4f7c054fe11644635792a81cca46abcec90ff7e52111f6b6b85dd44ccb,
malignant_110.png,malignant,train,48725a155074843237328cd00260904c72e0e6c16811cada0651147b9f3cbe2c,
malignant_111.png,malignant,train,d360ab5d8e0ec12219d5e51282fabfd43ebee92ef347af307c6223dba10535c2,
malignant_112.png,malignant,test,884824ce73eddd33c5d2379ac2e14396c7e4c608eaee798104adab9e75e12014,
malignant_113.png,malignant,train,e62fea57a04029c434f7036aed91b1d7f8d5bcc82e25f24be1eab4a269618f08,
malignant_114.png,malignant,train,6a40e712d758ef1f8d0d382989d04fb0284edf10ad2730c4956872409efff21d,
malignant_115.png,malignant,train,68c2505f442ad7aae946cb49545e11e6d3047ca44ddf7b400a64e772fa5c408e,
malignant_116.png,malignant,train,32224cb384ced11002952c65266cd793de9ef7e345bff701adc7610cb6a4bba4,
malignant_117.png,malignant,train,c14d9ec7889683b5c7f1b9977062947e79e86737f922d2ca160ebc3cc20e4a11,
malignant_118.png,malignant,test,71ea2a7a113c52ad2c5074502082abac0cd91b646f05d42af3ea64e002dc99fb,
malignant_119.png,malignant,validation,1a1cefa9980de910753fa51978e74cf86816d4a2c9d599e5fb260f43169f2f40,
malignant_12.png,malignant,test,2b1b386ecdb632ba581776f06752730bae23e46533498cd11fb2ca04e04fc75f,
malignant_120.png,malignant,train,e57d8526ec09a9b39e448c9d65698eb2fe7afbd28299987305b01237db6f92c3,
malignant_121.png,malignant,train,160bf58cca070f0150d21cc33b1e69ac8d6787a70332a639ea192d579fd155f3,
malignant_122.png,malignant,train,874b33e0b1934eacbbc5ac823fdd8bb7c16eedd5541e7227d49044b1a4d2866d,
malignant_123.png,malignant,train,41e5b6cbd2cb754873cf21b523ee9f8a88a75ada8fa126dd76fc8e91c4189df3,
malignant_124.png,malignant,validation,f7d6993debeec1d17c720c08b172cb26c6739869fb91568fc4ec6130d441d578,
malignant_125.png,malignant,train,3a562dabb94123ab10547635fb8ce13a87398c3bacdd32bc5a3577d564a831ab,
malignant_126.png,malignant,train,24b6ca792542cbdec1350d23cb3c729e6c3f37c64379fcfc91755747eabbd5e3,
malignant_127.png,malignant,train,15fc954990752292b1214fd5548c5f1fde0efc391d1be945aeb53c32637ad63a,
malignant_128.png,malignant,validation,48f94dc4659c374389f51e2752f5e11bad051551d009eb5ce524835568dcaeed,
malignant_129.png,malignant,test,8437f018cf8723c196a358c1b309608980f7283c2c17e124ae43b319a4707b1e,
malignant_13.png,malignant,train,712f55f6fc2fd1aa3ebdbdc6eecd375e749e1bd69eb431e134513741011f099d,
malignant_130.png,malignant,train,e70f3f95be6583631afe3e4f65342184611666e8285664d9d2339d58f2e54a2c,
malignant_131.png,malignant,train,1f1573f5219682d43aed64cb0fcedecf74424f9d3a7df1a8b1f23eab945a37cf,
malignant_132.png,malignant,train,84fee9674c9096a73d4edf0b1165de2b9c1d2bc26039f880dfebec944a1ff882,
malignant_133.png,malignant,validation,c41c975f5cb51484a6a6854fbbaac2304aa3b3ed4ea4a3e93ee9abcebd651ed7,
malignant_134.png,malignant,train,7091fe23eebf0b6df29ea12c89427d2092b888f1807c537b7addc1af3e91fcce,
malignant_135.png,malignant,train,a892107f08a0c2f76b1063f874adb851fbb9d5d41342a6f70e017864fc520abf,
malignant_136.png,malignant,train,28a4413659d1957759bdaf46c07608ba17d0ca5e043cd72777ff226e57fe19e4,
malignant_137.png,malignant,validation,241aa514676b6a49f6a9a1c503c70a73a5b777861a7b8300d95a8d744f1559ca,
malignant_138.png,malignant,test,2c62982cda189a0860d4011ce1ed76a97efd2778ef21ad0eae6aa9bafc6e68a1,
malignant_139.png,malignant,train,1380b2efdb648bc236f8a55f02be7ec54bd779e8668254d174bc3e74bd2cb76f,
malignant_14.png,malignant,train,d86be89f464636b9977348e1b1fbf96519fcf07d0dec7c1305ea4e22b99a39df,
malignant_140.png,malignant,validation,0c9cec76bcc6624a41e29a16ac61a0da325f2f9a2dc7b50414c4aa7ea8b3d104,
malignant_141.png,malignant,test,dea0d51748693868f29e4b3350428ced7e982340d8d69a0557b2fd69391c8a86,
malignant_142.png,malignant,train,f65efc0d6199390391c30d8fcf0369297c4453ecfb0f1c943a60262e6aafa04e,
malignant_143.png,malignant,train,3f58604b5ec3a0430b9dd1897d7ad4170779121e77f9635c39b845a9818fce55,
malignant_144.png,malignant,train,694f54fd0075ed47dd7a9e735751b680e16a7c5579c90bff2bd965aadfeff612,
malignant_145.png,malignant,excluded,bea8a9762e7799e6a3db2431e0719580748c65a50aabbc0df760ca3d6bd9c812,Conflicting duplicate image and class annotation
malignant_146.png,malignant,train,418679c4e04fec41c5a9178d04061bd0e40c105d680518b4c6629a60ea9ff15d,
malignant_147.png,malignant,train,37c507eee710d9f8768c2c60058430a2d0c00042eb27827e96f43c1befc23982,
malignant_148.png,malignant,train,283b1d261b41d19d7fa288949e63292397a0ad93bcfe974e1b163c2af45751bc,
malignant_149.png,malignant,train,d432ea2b004530b8aae4f4aaf6353ace2dec790a486269cd4c13f7691dcc5911,
malignant_15.png,malignant,train,65237c410ca5dab5641aa51db80edcb9ed2bdee9597729a842a263a99063b7d0,
malignant_150.png,malignant,train,89ad6ee74e25e4a8f67e1a2c9a9b2a973bf9caa7184534bb028e9d7c3d6d021e,
malignant_151.png,malignant,validation,88d69ef58285d461783eddf8b87f861273df453b8f0f7c6be1b2f274d2cf8368,
malignant_152.png,malignant,train,7cc21be42ce1abd1703e278ec7a0b29840771a60fb98853a463ab4ba0b96cca0,
malignant_153.png,malignant,train,71eaa54b9e6d5b951926b32bb3f96bb18244c42880bc85a4fbf134620219d094,
malignant_154.png,malignant,train,798203c29eef77350d0bcc2112c0d87ca5b6c8d4c708a9d9e6b5bfc5c44d7524,
malignant_155.png,malignant,train,990057e5d2a2b6b9770f47053542f876352bbd7a488455027f5a0e5ac625149f,
malignant_156.png,malignant,train,042208d4dfec70ca52180f9be74a76c435e98880378ad89f46b74f7ca143a7ee,
malignant_157.png,malignant,train,4d3891eac7135eb53351dd8bb592e751526b89eae3b480f198e90757e0c5c82e,
malignant_158.png,malignant,validation,7d729ce2b336c796b1cd5d3cb62faf82103963ac0b4aa55ab45466fd7f86c822,
malignant_159.png,malignant,train,97f5056a6e1a1163698312d77acbfa8b8f3618289a5daa0463eaf63aa5203a04,
malignant_16.png,malignant,validation,1788e55e900a42cb49d1e21d9e34ed7621ebc5f1d7ec3e0a94c9c02cecf8a1de,
malignant_160.png,malignant,train,7c0e347d9713935b754b3cb8b6d683ab00c94fe877aa8a0b7f8681cc80aeac4e,
malignant_161.png,malignant,test,42c062a17cbbb41c34abca6ee3609246a1d04264bb3b46d0679dc9a18ed64d21,
malignant_162.png,malignant,train,35074872b2f3427b4a4b28feba26cb4791683cd49e65a974458a094ff3f1f4bc,
malignant_163.png,malignant,train,61b8d0e4f212bec01fb23b330358cf75ee005b05a0d95b45d9b1c84470c4d3a2,
malignant_164.png,malignant,train,de6144ee5bb709b17ca476eef622446f36a7fa5fd527edd6d1951da5b7f04f77,
malignant_165.png,malignant,train,ae177fcffbbca4f4d0cf07202b26db6daeb8e0db1badeb5fa9e9a61286a5a89a,
malignant_166.png,malignant,validation,3931e2acabf74fe377df117101d0fa92d6fea6ad0a47906d19daed89127588d3,
malignant_167.png,malignant,train,d7f595d4f4cafafabe1bfad82429ecbb320677e48f522066f0bf87a387b18a99,
malignant_168.png,malignant,validation,8771e7f3b29cf66081de7b67573443a37d57a06f8387c99f3fe32d17fb665589,
malignant_169.png,malignant,train,2b8efa7d8ae66ccfb705ff4002aface562701ff824e1cbd7eaed8b3a1afbf217,
malignant_17.png,malignant,train,a0cd604807f21fe97b597ccace48be4b26152c8a73a951997679031d7c03822e,
malignant_170.png,malignant,train,c149b598deceee3ab4f32ffa63b4e3f1cc1d27228cec4c5f1ae62fd963ffb473,
malignant_171.png,malignant,validation,71c910f3bc4e8276fc13e915f6face826aa3841cb2b89360bac0405bd28f6576,
malignant_172.png,malignant,train,effa4d51ad9bf2560982b52997907340533a0499c35dae8a251b492323c80f03,
malignant_173.png,malignant,train,beae420e05b1d3a34f43227216636a04d0c83adf7929f24758677975062e5b03,
malignant_174.png,malignant,train,ed7f13ab41726575c329945e06866cf87767ca33c2273e8bcd4f409dbe3ca751,
malignant_175.png,malignant,validation,8eb188642bf644c07f095db0bd8156720efcc7b8df76effcf092aed870ef756b,
malignant_176.png,malignant,validation,5b4aeff9495b73440719decddbc8a95899094e736e2aa6c11e79980a7e3b40ff,
malignant_177.png,malignant,validation,47d0f54d947249f92766a5c43c091471674d7dd948ed57e075b2a1a105bdf9b3,
malignant_178.png,malignant,train,cc1e354f7681e92236a418e5ef01916a41c079f7eabdee403b1a5fe51d22d856,
malignant_179.png,malignant,train,aac8dfc8545dccf73870da486950f2c5235abfa4650cf5bb5681a5c1dd67100d,
malignant_18.png,malignant,test,605513a5edc672853b321bafd74bcb3919bc5b911ad0a008a3732656875ebb04,
malignant_180.png,malignant,train,abb0db1bca2027a569f3ec1ef9be08b44a36ed31d9deaf2ea122aaef28419ec3,
malignant_181.png,malignant,train,caf624bc6d2d8d74ee655a8ac7cce61f008df8511eaceb41bc86f21f272ea3df,
malignant_182.png,malignant,train,3f7f92ddda1728a8c902b5e342e06366249f5c78318d94881c97329289e530df,
malignant_183.png,malignant,test,522b9332d58e5745c9816ddff1806231aaecadcb5e043767f9f7b48946e5a4cf,
malignant_184.png,malignant,validation,05a7b34f9c26421712a735f3ed6b1cd2f292726423b5809971928743e5d4e578,
malignant_185.png,malignant,train,eca88fdf317473f9078eb366cbc1cf6c9c5c0075e620c02a6c5ad32b768e8279,
malignant_186.png,malignant,validation,82f0c2f4d4e6352b3860ad8b1c2d7d2fb45ee9c84b4bdd570b5cd290bd76d69a,
malignant_187.png,malignant,train,dd4e16fd7d879d6e750ffabdad2e01faffc559a3803495b9341cd17f4319aa2a,
malignant_188.png,malignant,train,6c410a1620462b3d00964a7e283673333f93920faf7f178ed667b77bd181c0b8,
malignant_189.png,malignant,train,f655361f5d8511c0081e1daaae2fe9d812503b0571734f3d5e1c72ed8f052212,
malignant_19.png,malignant,validation,75e043b1d7744f2835c9adf839ba101b0ea0e016df740bf91000d991ce88451c,
malignant_190.png,malignant,validation,2b225298e95370319ae7814f1b7d092ae54cb16d5a5707a9fb0bdd674048115d,
malignant_191.png,malignant,train,1a5448c834f1f6c3d25ac98a22339b620c59b659f6270facf0a0f215e9a98285,
malignant_192.png,malignant,train,2fabdd15704288d92bc782bedc84f86dacb1aab078f26fba61b3c32cf797c224,
malignant_193.png,malignant,train,082da881d6023e73ba3498cd0bdbe0a4362c66cd09307d3b731358c0a0b8ff7a,
malignant_194.png,malignant,train,3139727b632ca6ef9abd325e2f3c75558a1f84d77b96240f198e16c77c1087a3,
malignant_195.png,malignant,train,ad80d04c26a60e10ddb60b2f557f4fb9c2cf1aaca3f21ce81347597644ee5538,
malignant_196.png,malignant,train,d0945bb0427ec6aacf2076c5d12d21b30814619876c5cef9cf56762f1abeb1f8,
malignant_197.png,malignant,train,21928703ae565804d679e8b5a292a755339828f1e8fdbeec84276d467cff7343,
malignant_198.png,malignant,train,c9c18a05dda7e3b7d4db3b64427a65b4a679af821f9c907a17e684090d38ff65,
malignant_199.png,malignant,train,125d753550dca279acc9fa53375828ab6178f787e6ad8c72b5516a4612bc7d95,
malignant_2.png,malignant,train,505e76b52dc5935fca92cc1b0dad348ff221ddea709dc2fd7ee17e32745b5b8f,
malignant_20.png,malignant,train,2fcf9e4cef1adffe652c3133d51cfd618a98396ef5769309918818c7951143dc,
malignant_200.png,malignant,train,f1cfba7b2eeafc5654b4e9e083c754e708f0301d500d48e379973bd7ad1da8a7,
malignant_201.png,malignant,train,cb06126b0cc6513e063d32fb0d8b9fc4f81726cc0ccc9b608e65f6b51a8581b0,
malignant_202.png,malignant,train,5dd09d640ad91f96ba76be2667520cd50b01549942e70dbae3acabaee6dec89b,
malignant_203.png,malignant,train,8f4790174b142c5b6067f103ad2b49d9ee516a113b51dc832d0fa39da670861a,
malignant_204.png,malignant,test,9eb7bb6560b8767a4cad81b65bcbf7608ec52f029c07817ab0ad7b7dbcbee8b7,
malignant_205.png,malignant,test,b8c6ccb860c6c3d8c5ad903df8eea2db7df6bed24eea8c0a3bc186a4e604b45d,
malignant_206.png,malignant,train,3892e7d93b9d7f0d3c21d8832f7ea0eb2f28711a066d03bf077f12cfc15cd5fc,
malignant_207.png,malignant,train,975aa50d65eeb82bfe67bb80e5082c50557475caf2ef016e1dfdde33505cfc74,
malignant_208.png,malignant,train,97b46567dc7587a88269902d68f0e5bcae1f8aa09024daf01868196f87be99ef,
malignant_209.png,malignant,test,e0e1ef8da6e490bbfb64086dc0cb4572ac36f6a2e46d4ee6a94be5964988110d,
malignant_21.png,malignant,train,3ebf0038ade4e8b315b63da7476d082f39f1021b30fe36a44624fe5df2ca7159,
malignant_210.png,malignant,validation,0c2911ce9381ebccfcb3155f87029b329375c82d128678545a868d0f7740b24c,
malignant_22.png,malignant,train,3cc9b52fcd696727d419089753900ee737555a3a3d1d74b8d00e296cbe5b2657,
malignant_23.png,malignant,validation,9ea8e0812b9b45038991c889af8bfed6c4863c8fbb6f0902b7281b7adf2e32f6,
malignant_24.png,malignant,train,4c93bbd78b0216d317764a18342e505d460964d7d5cdf2e8b2fa85a0e1f9e63a,
malignant_25.png,malignant,validation,df8b5562cccee772d5647cac91c23549a8fbefe9b2f53a2d045e369f84ba8f05,
malignant_26.png,malignant,test,cc72f93f8836041fca997569a18aebacf4f85bc20627be392813bbf9f536f3c4,
malignant_27.png,malignant,train,0b71ac377b97e71884a1cba6872787c22f8079ef84ef39cfc65a2f17bee279d5,
malignant_28.png,malignant,train,cffef3c9fa13deb8ddd92ac38c7ca39c50a01bc8d00bdbe0bf4bc8e6fe86be00,
malignant_29.png,malignant,train,85cc73e256501de227a91e68ef586f77fb6e6aea2ffc0cc8d633f4a70be45e68,
malignant_3.png,malignant,train,b44821afb3f555375af190b1100238275edd45182ced34aa0289ae395468ebdd,
malignant_30.png,malignant,train,198326257b31584c988b01d22b908384f9b90bf6598df27d47740ca813a544ac,
malignant_31.png,malignant,train,a43cd56b3691f00af7957d1e891d18e1b198a52c174c325d43b98cd5b65715fa,
malignant_32.png,malignant,train,fac7054d52679ff7e516f1448feec1fbbb2df0d63c4ef7adad30dd4303ac09ba,
malignant_33.png,malignant,train,cb52d6f634dedba6b7a3baafb7719c0f6c756d495d6a247869c5e433aa731fc9,
malignant_34.png,malignant,validation,594fe99da7ca77e3d5b2935fc46e6f9420131d3ab15af4f436d0440bf7986e45,
malignant_35.png,malignant,train,fc21c2d7fb189aa4c639d95702bbf9e003ff008064f1f5fdd1bde0a07357fe55,
malignant_36.png,malignant,test,134a289f742c34edeb378f3b70aaef18cee4025f8416b16964a136041a575fea,
malignant_37.png,malignant,train,e344468014b8ba55da4a32f8f9204ef59b1dd738676bc96e6767e33977c1dd98,
malignant_38.png,malignant,train,f5be40ab4000800ade42f95eed500700f21f65dcaf4e2e70bb763744843fccec,
malignant_39.png,malignant,train,1c4178224924886e42a4b5388f71ddafc49e07b4fefcf1afd8095aa54427086b,
malignant_4.png,malignant,test,74167691ad11cbfda762637c0997d4cb2692dc98eef3f73158a87cc90bf7869c,
malignant_40.png,malignant,train,ad7111d32a06419067038c64ab6631ee2d8261dad5afe5fdb4e116150a55d6a1,
malignant_41.png,malignant,train,ec73d087bbc9a1c36c37e494a2c22e0ba0f6334da352d061a7762870d1e58187,
malignant_42.png,malignant,test,edcbf243687357b77e344569a40a700442f13cdb700312921c28f8fc65e943b6,
malignant_43.png,malignant,train,99d543f0bac59d2f660c1d46f6512066bd7ea5fa46df2de00129e3d253f9e0ab,
malignant_44.png,malignant,train,553c46580d8a0f731af79d1f20600273908c20050369a9a0f321172ccdfbea7b,
malignant_45.png,malignant,train,2717626df0d365f6221bad9a2f37a70a801a6b5060f81b7ebcf4bf29369a1752,
malignant_46.png,malignant,train,5458e5982a41955c0931fc00ef6fd1e4aa9fcbd9af6a9905260b9092e3fd5547,
malignant_47.png,malignant,test,c33cc8064d46e76e0e031302031f1f6101f819938bef36288e81c6f5696d826d,
malignant_48.png,malignant,train,4899c33ec42fd33c1bf3e2253490b8c8f6ade09b9bd9f7233d97858301203594,
malignant_49.png,malignant,test,f22be838ffbccfa9965ab9b5dfba7e28d9b4e78d60b17efd108989befdb1c581,
malignant_5.png,malignant,train,5b6e74fc75e243e507e091c7743345a5673fddff0b2b197ef6df497807c8c2e2,
malignant_50.png,malignant,train,4bf8a20640682add831bb95ce25505868854df8a7b37d95205c852679aafbb5f,
malignant_51.png,malignant,train,d02236dfc6bac431af901201bfc77f81c68c0360d39b4ef5c12b19eb26f8dc58,
malignant_52.png,malignant,train,730d1255e3a037073d69e03077597f64b6d57108f0d2eedf66a9f538463931df,
malignant_54.png,malignant,train,574be504a561a27c0c558d021886ceceaec5d273a21e525e8e767b4edbc712fc,
malignant_55.png,malignant,train,aeae98762ca9f1baeaa081efae1b0d329f986508e8228473df36f15b9280c374,
malignant_56.png,malignant,train,afca78a2d485c3edb869d5d7cd4458d4daa5d45aac1d9eadfe91d286cb3cc6dd,
malignant_57.png,malignant,train,9b2a97f77f5a5dc53b1954868c7c13f567aa39c47f8708d1b95bb540ffc9ac53,
malignant_58.png,malignant,train,1e1506ae4099cbbb9157321999b7a3518b94c90d61cfc1c07a58c6ca262da709,
malignant_59.png,malignant,train,346c7e6be632a309ef24643f2572bacc2e4f7b8f91e4f4684c5db713de07eed5,
malignant_6.png,malignant,train,e436c25d47a02ab034c2e7e614ea5c386bf2ab396aae563a78c38433e357512b,
malignant_60.png,malignant,train,503e56b8a78ae86cb4633723392cf98e25038ca80c15f0e0c7ed5b80033f9cc4,
malignant_61.png,malignant,train,77d4d2d6abad91420982d6c2e5b599a1bb6ae24b55c53f22e77728d924db776c,
malignant_62.png,malignant,train,859192fdce782d2fd8d7e0b8422b3771ebfd9f033894dfdb3d51ffc99e187721,
malignant_63.png,malignant,train,61cc05bb46a3f3c32c5374fa4fc88af86d898c02f45759b03b8932e31e918414,
malignant_64.png,malignant,train,4b2e30923b8c7af19ac4eb8d1bb33c745f792cb16d0db96feacf49b61041a0e5,
malignant_65.png,malignant,validation,95ffc1a71d8686181572a5833ec8b7764ae378bbd76d631e44e286a7e4bc0696,
malignant_66.png,malignant,train,c6fd80c140f39d16f5f87c6c207d41c209e4ba0267d329cacbd13c04c8701504,
malignant_67.png,malignant,train,46bc75c5db00ffed9435357974ff539cd51ac591178151c5a80e719b4a529028,
malignant_68.png,malignant,test,720a1903382cfb52e03e263272ca0a585f2dde48e7a56464302aeb9021054de6,
malignant_69.png,malignant,test,0d25389ac14da7658ecf3a44655400ac639acb8be08d23bddce9cd0f3856b7d1,
malignant_7.png,malignant,test,7ef081c7999359549cab4f547a44dc241c94476b6c89dfac9ad88a318d36d270,
malignant_70.png,malignant,train,300b6ad7ad1d4017ed32dd082e270575d7e0c7c923eaab3aab6985f345b35fa3,
malignant_71.png,malignant,train,b3c32366a76f696081cad2f787c39eec5fde529ab17f99a369cb87416fbc30e1,
malignant_72.png,malignant,validation,ca7f92997df377a6575bbd2a1fe697229710a9c4eee92f8143749c254cd10eaf,
malignant_73.png,malignant,train,c830bd4ec8e1e6ca3867ef95cbad9d29498bbc24eed638ceb409924abd12c135,
malignant_74.png,malignant,train,efb00b169a7368d974d8fd1e79db0ed1ed0d13e2b6b41009636b83514d55b766,
malignant_75.png,malignant,train,cafeec8b57b58c3a063e29dad43ae9c8573e18d1eda3a30bd827e4388a8ec6ad,
malignant_76.png,malignant,test,5b3e6fc8dea9cd60c698d6d5d26d9ac8a4e7af9f5c53245f5c890d48aca1f878,
malignant_77.png,malignant,train,1e6c420d744dac5ae6c4955560200e1df15cbd86090b0272dad7681611b21ab9,
malignant_78.png,malignant,validation,6b12fe774e7f1f55cfb78a53b147e0d62262b5e2e7c891825de6783978b88766,
malignant_79.png,malignant,train,a971bdc013987d50d89a8dc652bca67f6cbbad8de412046f27682aad62e00360,
malignant_8.png,malignant,test,30d9231e6e03c673cb9dced85bcf92d06580fb0986b7b1110cd1198165a62571,
malignant_80.png,malignant,validation,718ef9dc8451be2b77038d2abb8781fd14bceabca510566d431b9af0371331a3,
malignant_81.png,malignant,test,f889f0ddfb4ea6e9173c41f621764b4fc7616c45248fa53598b42c00a69f129f,
malignant_82.png,malignant,train,9a2f91146b922c57ea15c0005ce63b5e9e43b3a2f521633aaf52cb737bdea571,
malignant_83.png,malignant,validation,292351a8d8af941c78af9574737d94adb8b56a42b9f763417d21adb39855eb67,
malignant_84.png,malignant,validation,587f1d22bb0105b5c71823b71b6d82f9de97e0c2a9e603a485b3319bff8dae03,
malignant_85.png,malignant,validation,457d1b644d934698c8093b3de03ed5fbf3055d9b3396c89465ca861a5330f1be,
malignant_86.png,malignant,train,a58689a10904f38d30ed8ec7cb58342231bba6f81f6073eacf00e2238c8c43ed,
malignant_87.png,malignant,train,46c189d210b1eff5be0e3cc4346c59b91db558510964634af937e946ffcfc423,
malignant_88.png,malignant,train,01337aa846fbfa91014073d51173a764bcccb0e4fc71d4e973006751c839d9dd,
malignant_89.png,malignant,test,220e164a1cf7939d5136a93342985c003f54c072ffdea70f5c1a000d59ccc1f8,
malignant_9.png,malignant,train,6b84d0af6efa7d0f5a941243de36650eb12dfe3bebd24b6cdb072018d8651914,
malignant_90.png,malignant,train,592ba13e6ac212bd6c2f80889c17e62a24b0a17ac51c9007b4c4aa7d88ff563f,
malignant_91.png,malignant,train,34dd896724e625a7581e82abd7a880824f139e3156ece563e0c89ad305e3a22e,
malignant_92.png,malignant,train,b117549c316f98af75df030449096b099637a4b73edd3616655216c11f7c6328,
malignant_93.png,malignant,train,867a6fda9704808313e9e3fa3a80d33051ca90752e872fb2c8daba8666c91572,
malignant_94.png,malignant,train,5b8f0693ffe6d59823baba99564b0445eb9ffe5d89c1518a0efcd32fdb86369f,
malignant_95.png,malignant,test,13851cb8caaaa4d76f22f0471a01152ff6195464de4052ba895b047a875a7b56,
malignant_96.png,malignant,test,9367e4c4ca3d2c9d52a2f53a97e0a199ea5da5eb85bc701b3e9b17eb747b030e,
malignant_97.png,malignant,validation,2662fa0b48337c6f55e0e2cd05330497bfe57376470658dd2ace8823506bfe84,
malignant_98.png,malignant,train,39b6771bfc1109b6e117351db3902d24b0858978cfc43856fb8501b093028d82,
malignant_99.png,malignant,train,d355f84da0a67f2fecf0daa319beb8b91c90417c0f1618c7b494ea25255c4d1d,
